episode,timestep,reward
11,2000,-104.0775
29,4000,-108.1647
38,6000,-103.2484
52,8000,-101.3679
61,10000,-107.3098
74,12000,-104.1599
77,14000,-90.8305
82,16000,-86.8287
86,18000,-78.2643
94,20000,-103.688
97,22000,-69.5181
99,24000,-51.1958
105,26000,-90.4525
108,28000,-71.2969
110,30000,-43.02
114,32000,-72.3508
116,34000,-46.8097
120,36000,-95.0773
124,38000,-78.6292
127,40000,-63.987
132,42000,-88.33
135,44000,-65.4446
137,46000,-49.7446
140,48000,-65.8457
142,50000,-47.3392
144,52000,-46.4824
147,54000,-63.8444
149,56000,-34.8331
151,58000,-42.4011
154,60000,-71.1134
156,62000,-46.3155
158,64000,-48.2701
160,66000,-46.7685
163,68000,-67.907
165,70000,-62.0883
167,72000,-49.1399
169,74000,-49.7401
172,76000,-84.7607
174,78000,-56.6348
176,80000,-52.4183
179,82000,-74.6705
181,84000,-39.6592
183,86000,-44.115
186,88000,-66.4677
189,90000,-65.4036
191,92000,-46.3777
193,94000,-43.3425
198,96000,-87.2033
202,98000,-97.9927
204,100000,-42.1126
206,102000,-45.7481
208,104000,-43.2209
210,106000,-47.4313
212,108000,-40.5363
215,110000,-65.3503
217,112000,-39.004
219,114000,-44.2115
221,116000,-41.6481
223,118000,-45.9504
225,120000,-45.6623
227,122000,-54.5555
229,124000,-40.1489
232,126000,-72.5008
235,128000,-64.1506
237,130000,-46.6398
240,132000,-71.8051
242,134000,-39.4113
244,136000,-41.0422
246,138000,-43.1322
248,140000,-42.0551
251,142000,-69.5893
253,144000,-41.0567
255,146000,-41.4526
257,148000,-44.4828
260,150000,-64.2021
262,152000,-40.3698
264,154000,-47.4823
267,156000,-66.2769
269,158000,-43.9828
271,160000,-45.3337
274,162000,-61.9884
276,164000,-39.7278
278,166000,-40.0135
282,168000,-79.7191
284,170000,-82.0948
287,172000,-70.452
289,174000,-47.0038
291,176000,-46.0068
293,178000,-40.0035
295,180000,-44.1127
297,182000,-39.999
299,184000,-38.3825
302,186000,-62.4792
306,188000,-72.0631
309,190000,-67.7345
311,192000,-45.6596
314,194000,-64.2415
316,196000,-42.5822
318,198000,-39.0056
320,200000,-45.0963
322,202000,-36.387
324,204000,-38.8635
327,206000,-66.8954
329,208000,-35.7945
331,210000,-32.9772
333,212000,-38.7359
335,214000,-41.3476
337,216000,-35.966
339,218000,-35.9618
341,220000,-31.8991
344,222000,-92.1576
346,224000,-29.3083
348,226000,-30.9287
351,228000,-61.572
354,230000,-61.7372
356,232000,-34.388
358,234000,-28.4681
360,236000,-67.239
362,238000,-29.7466
364,240000,-30.5262
366,242000,-31.822
368,244000,-27.8698
370,246000,-27.175
373,248000,-60.5407
375,250000,-28.4447
377,252000,-21.8116
379,254000,-24.1278
381,256000,-16.946
383,258000,-22.2368
385,260000,-21.1995
388,262000,-48.9408
390,264000,-15.7488
392,266000,-20.3205
395,268000,-87.0539
397,270000,-13.5833
399,272000,-18.6246
401,274000,-15.9348
403,276000,-20.658
405,278000,-16.1584
407,280000,-12.2533
409,282000,-13.0882
411,284000,-35.2994
413,286000,-10.7629
416,288000,-45.633
418,290000,-2.897
420,292000,-10.5144
422,294000,-3.4381
424,296000,-36.4561
428,298000,-61.8881
430,300000,-8.7431
433,302000,-72.8516
435,304000,-6.2856
437,306000,-5.7374
439,308000,0.761
441,310000,-3.0547
443,312000,-3.2972
445,314000,-3.2506
447,316000,-1.9594
449,318000,5.1922
451,320000,7.1311
454,322000,-32.193
456,324000,-1.672
458,326000,10.3955
460,328000,8.4681
462,330000,9.2283
464,332000,-0.2586
466,334000,-1.2659
468,336000,13.1915
470,338000,-41.4335
472,340000,7.1179
474,342000,12.4345
476,344000,11.1243
479,346000,-21.8737
481,348000,9.1403
483,350000,20.2982
485,352000,25.458
487,354000,13.6916
489,356000,11.568
491,358000,15.9554
493,360000,16.6306
495,362000,18.391
497,364000,26.5627
499,366000,18.1486
501,368000,28.8595
504,370000,-22.2132
506,372000,33.1005
508,374000,19.8859
511,376000,-21.2161
513,378000,29.7806
515,380000,27.6907
517,382000,32.7261
519,384000,23.7886
521,386000,-41.8866
523,388000,25.2954
525,390000,25.3761
527,392000,20.0561
529,394000,37.1924
531,396000,29.6626
533,398000,31.4444
535,400000,25.1896
537,402000,22.1183
539,404000,28.3483
541,406000,31.7054
543,408000,26.7607
545,410000,31.8267
547,412000,20.2219
549,414000,35.2898
551,416000,32.2879
553,418000,37.514
555,420000,28.4279
557,422000,35.3282
559,424000,33.7974
561,426000,32.6874
563,428000,27.1324
565,430000,38.2522
567,432000,24.3054
569,434000,42.6665
571,436000,31.2537
573,438000,36.5149
575,440000,34.3488
577,442000,38.3383
579,444000,26.8627
581,446000,42.9903
583,448000,40.8497
585,450000,42.8042
587,452000,41.1761
589,454000,25.5459
591,456000,42.715
593,458000,35.3695
595,460000,39.5293
597,462000,15.9918
599,464000,41.6001
601,466000,33.5631
603,468000,37.3716
605,470000,30.2959
607,472000,45.3715
609,474000,35.2268
611,476000,40.8562
613,478000,42.2497
615,480000,29.7919
617,482000,44.3147
619,484000,42.0304
621,486000,39.1286
623,488000,32.5416
625,490000,53.0973
627,492000,43.7415
629,494000,-14.7142
631,496000,37.4726
633,498000,41.191
635,500000,49.6224
637,502000,57.7497
639,504000,56.6769
641,506000,54.6398
643,508000,60.6573
645,510000,53.3382
648,512000,13.502
650,514000,59.8132
652,516000,53.0123
654,518000,64.2784
656,520000,61.0305
658,522000,52.5606
660,524000,63.5214
662,526000,61.5003
664,528000,3.9373
666,530000,68.5079
668,532000,68.8451
670,534000,78.6999
672,536000,50.031
674,538000,59.3658
676,540000,68.2099
678,542000,58.5394
680,544000,75.4148
682,546000,1.4446
684,548000,70.1467
686,550000,70.7752
688,552000,66.7772
690,554000,64.1553
693,556000,8.6855
695,558000,63.7561
697,560000,62.292
699,562000,8.7574
701,564000,76.2377
703,566000,5.0314
706,568000,10.0046
708,570000,65.3252
710,572000,77.7873
712,574000,81.6529
714,576000,67.4355
716,578000,70.4605
718,580000,86.8382
720,582000,77.9891
722,584000,75.7233
725,586000,14.5956
727,588000,64.3337
729,590000,80.9397
731,592000,84.2389
733,594000,84.0123
735,596000,72.3406
737,598000,79.4141
739,600000,76.5904
741,602000,89.4724
743,604000,12.6154
745,606000,74.7327
748,608000,26.4713
750,610000,67.3408
752,612000,68.5777
754,614000,84.159
756,616000,83.5758
758,618000,78.9461
760,620000,-8.4497
762,622000,84.9001
764,624000,83.6235
766,626000,73.4427
768,628000,65.3924
770,630000,75.1931
773,632000,31.0555
775,634000,-6.4424
777,636000,77.8873
780,638000,21.7767
782,640000,78.3368
784,642000,7.3094
787,644000,39.4177
789,646000,31.1137
791,648000,1.6538
793,650000,75.8703
795,652000,69.8834
797,654000,80.6547
799,656000,81.6295
801,658000,23.2479
803,660000,74.5708
806,662000,29.4095
809,664000,-20.8667
811,666000,72.0307
813,668000,89.3602
815,670000,91.4717
817,672000,81.6923
819,674000,85.323
821,676000,93.9102
823,678000,85.0157
825,680000,74.875
827,682000,95.5454
829,684000,82.6047
831,686000,92.1258
833,688000,78.3704
835,690000,89.3328
837,692000,43.47
839,694000,79.6973
841,696000,77.6377
843,698000,92.4743
845,700000,92.3416
847,702000,89.7267
849,704000,92.5843
851,706000,32.1128
853,708000,98.5764
856,710000,25.6126
858,712000,83.5322
860,714000,81.2177
862,716000,101.5624
864,718000,95.754
866,720000,26.4598
868,722000,97.8136
870,724000,94.1726
872,726000,83.8313
875,728000,42.7245
877,730000,94.7261
879,732000,85.8125
881,734000,11.8235
883,736000,100.0046
885,738000,89.9189
887,740000,90.8144
890,742000,-36.3394
893,744000,18.5872
895,746000,98.3929
897,748000,91.4071
899,750000,104.3065
902,752000,53.79
904,754000,81.8904
906,756000,99.2119
908,758000,-5.3244
910,760000,98.5653
913,762000,42.0885
915,764000,100.7623
918,766000,30.94
920,768000,19.9431
922,770000,107.1268
924,772000,89.3497
926,774000,87.3684
930,776000,-40.1305
932,778000,26.876
934,780000,75.2029
937,782000,-34.0048
939,784000,27.0846
941,786000,101.6586
943,788000,93.9849
945,790000,94.5264
948,792000,30.9361
950,794000,103.1933
952,796000,96.5332
954,798000,96.6342
956,800000,101.2586
958,802000,28.2346
960,804000,108.173
962,806000,101.5577
964,808000,98.9551
966,810000,103.9916
968,812000,15.4491
970,814000,100.3776
972,816000,98.3266
976,818000,-0.5576
978,820000,41.4575
980,822000,103.7341
982,824000,36.7367
985,826000,38.6768
987,828000,106.5566
990,830000,47.4541
992,832000,43.3151
995,834000,-19.8918
997,836000,41.0837
999,838000,38.5025
1001,840000,108.4
1003,842000,34.0876
1006,844000,55.8762
1008,846000,3.2595
1011,848000,38.6918
1014,850000,30.2914
1016,852000,112.7212
1018,854000,33.8376
1020,856000,105.5755
1022,858000,109.2136
1024,860000,109.8961
1026,862000,28.8946
1028,864000,109.7569
1030,866000,43.4269
1032,868000,108.6939
1034,870000,105.3612
1036,872000,106.6386
1039,874000,47.9124
1041,876000,5.3702
1043,878000,128.0402
1045,880000,123.7135
1047,882000,118.9776
1049,884000,108.997
1051,886000,105.2189
1054,888000,73.5346
1056,890000,109.0996
1058,892000,108.476
1060,894000,49.5198
1062,896000,115.8201
1064,898000,116.6946
1066,900000,113.3777
1068,902000,116.4785
1070,904000,127.5035
1072,906000,31.6448
1074,908000,116.4197
1076,910000,121.5512
1078,912000,115.3179
1080,914000,107.9641
1082,916000,119.4429
1084,918000,120.4631
1086,920000,97.0868
1088,922000,112.2398
1090,924000,107.5775
1092,926000,122.5024
1094,928000,108.001
1097,930000,43.4923
1099,932000,125.9075
1101,934000,44.3766
1103,936000,42.3807
1105,938000,46.2622
1107,940000,116.7566
1109,942000,113.5888
1111,944000,115.1916
1113,946000,125.5811
1115,948000,119.7019
1117,950000,112.7911
1119,952000,115.3395
1121,954000,109.7812
1124,956000,50.178
1126,958000,116.9521
1128,960000,119.1016
1130,962000,113.3196
1132,964000,25.3984
1134,966000,129.9452
1137,968000,39.3451
1139,970000,119.5854
1141,972000,119.5093
1143,974000,132.9741
1145,976000,115.1681
1148,978000,49.4397
1151,980000,57.8244
1153,982000,6.1624
1156,984000,48.5898
1158,986000,118.4301
1161,988000,43.4532
1163,990000,107.879
1165,992000,114.2999
1168,994000,39.9641
1170,996000,124.5296
1172,998000,128.4093
1175,1000000,-32.2579
1177,1002000,132.3086
1179,1004000,128.8844
1181,1006000,122.9623
1183,1008000,132.55
1185,1010000,126.0183
1187,1012000,125.5087
1189,1014000,130.1738
1191,1016000,127.0579
1193,1018000,126.3106
1195,1020000,142.1629
1197,1022000,131.4664
1199,1024000,139.9128
1201,1026000,136.7387
1203,1028000,128.113
1205,1030000,129.5884
1207,1032000,131.4513
1209,1034000,65.0429
1211,1036000,128.8352
1213,1038000,137.0465
1215,1040000,136.4242
1217,1042000,138.601
1219,1044000,126.7181
1221,1046000,128.5528
1223,1048000,129.2709
1225,1050000,144.2589
1227,1052000,137.2446
1230,1054000,62.9974
1233,1056000,66.324
1235,1058000,49.1168
1237,1060000,31.2999
1239,1062000,131.2457
1241,1064000,123.6566
1243,1066000,120.7161
1247,1068000,15.5014
1249,1070000,134.8761
1251,1072000,139.2941
1253,1074000,140.6096
1255,1076000,131.8783
1257,1078000,131.9582
1259,1080000,135.7213
1261,1082000,67.9973
1263,1084000,135.9367
1265,1086000,134.2345
1267,1088000,133.5672
1269,1090000,73.2917
1271,1092000,137.8081
1273,1094000,132.9727
1275,1096000,130.4996
1277,1098000,135.9362
1279,1100000,129.8513
1282,1102000,18.0461
1284,1104000,142.0284
1286,1106000,140.8457
1288,1108000,136.5802
1290,1110000,138.4819
1292,1112000,145.2329
1294,1114000,136.9191
1296,1116000,152.5263
1298,1118000,143.6855
1300,1120000,150.4444
1302,1122000,138.7708
1304,1124000,144.0619
1307,1126000,68.5739
1310,1128000,-22.945
1312,1130000,138.6524
1315,1132000,59.3569
1317,1134000,79.3883
1319,1136000,147.6349
1321,1138000,136.9156
1323,1140000,131.4603
1325,1142000,141.3674
1327,1144000,145.1683
1329,1146000,139.9975
1331,1148000,147.8355
1333,1150000,144.9704
1335,1152000,139.3984
1337,1154000,139.9324
1339,1156000,138.1237
1341,1158000,140.5699
1343,1160000,148.3095
1346,1162000,61.4267
1348,1164000,140.4511
1350,1166000,36.2362
1352,1168000,136.4222
1355,1170000,60.7571
1357,1172000,147.4685
1359,1174000,147.6844
1361,1176000,138.668
1363,1178000,144.7549
1365,1180000,134.0281
1367,1182000,121.552
1370,1184000,44.6748
1372,1186000,49.683
1374,1188000,59.1999
1377,1190000,96.731
1379,1192000,134.3385
1381,1194000,15.1827
1383,1196000,137.1677
1385,1198000,140.4811
1388,1200000,62.2843
1390,1202000,136.5514
1393,1204000,51.8879
1395,1206000,127.8283
1397,1208000,134.6148
1400,1210000,60.8511
1403,1212000,49.597
1405,1214000,141.5641
1407,1216000,140.1119
1409,1218000,40.4381
1411,1220000,137.344
1413,1222000,137.619
1415,1224000,123.9035
1418,1226000,87.2404
1420,1228000,135.5161
1423,1230000,42.7185
1425,1232000,143.0728
1427,1234000,23.8959
1429,1236000,142.5332
1431,1238000,146.2108
1433,1240000,146.4395
1436,1242000,66.2191
1438,1244000,143.0176
1440,1246000,147.2105
1445,1248000,-14.8199
1447,1250000,122.9452
1449,1252000,61.8486
1452,1254000,51.1792
1454,1256000,141.4031
1456,1258000,139.5425
1458,1260000,42.546
1461,1262000,108.1429
1463,1264000,144.7407
1466,1266000,0.382
1470,1268000,20.9409
1472,1270000,50.8514
1477,1272000,3.3698
1480,1274000,54.0883
1482,1276000,151.8961
1485,1278000,60.2925
1487,1280000,31.051
1490,1282000,65.9334
1492,1284000,145.8796
1494,1286000,144.0284
1496,1288000,143.5775
1498,1290000,151.1711
1501,1292000,74.1884
1503,1294000,148.4961
1505,1296000,53.8485
1507,1298000,159.1114
1510,1300000,95.5319
1512,1302000,135.5033
1514,1304000,146.9418
1517,1306000,60.9886
1519,1308000,151.4578
1521,1310000,147.7487
1523,1312000,156.022
1525,1314000,145.9853
1527,1316000,15.687
1529,1318000,160.997
1532,1320000,113.0455
1534,1322000,84.2971
1536,1324000,89.4324
1538,1326000,160.8648
1540,1328000,59.0799
1543,1330000,28.9226
1545,1332000,150.9095
1547,1334000,164.3592
1549,1336000,60.3631
1553,1338000,47.1353
1555,1340000,157.0243
1557,1342000,95.7193
1559,1344000,50.2493
1563,1346000,13.9025
1565,1348000,149.7301
1567,1350000,24.5894
1569,1352000,151.6579
1572,1354000,68.9277
1575,1356000,81.7063
1577,1358000,147.3316
1579,1360000,160.5576
1583,1362000,-22.0753
1585,1364000,155.528
1587,1366000,148.8072
1589,1368000,153.8681
1591,1370000,154.4831
1593,1372000,156.5632
1595,1374000,155.8294
1598,1376000,75.1932
1600,1378000,76.6226
1603,1380000,80.0673
1605,1382000,164.7447
1607,1384000,141.3395
1609,1386000,162.3922
1611,1388000,158.079
1613,1390000,163.6613
1616,1392000,55.6701
1618,1394000,150.541
1620,1396000,159.7895
1622,1398000,30.0286
1624,1400000,151.0207
1626,1402000,152.4277
1628,1404000,151.1925
1630,1406000,156.0019
1633,1408000,69.9677
1637,1410000,-3.9683
1640,1412000,52.2347
1642,1414000,158.6775
1645,1416000,75.672
1647,1418000,150.7267
1649,1420000,148.7265
1651,1422000,134.2512
1653,1424000,149.7576
1655,1426000,141.332
1657,1428000,144.8708
1659,1430000,153.6689
1661,1432000,50.1265
1663,1434000,148.3634
1665,1436000,150.1234
1667,1438000,160.7999
1669,1440000,159.1848
1671,1442000,139.2113
1673,1444000,157.6271
1676,1446000,34.6145
1678,1448000,83.3591
1680,1450000,146.8422
1682,1452000,165.1098
1684,1454000,150.1547
1686,1456000,154.7647
1688,1458000,155.1696
1690,1460000,147.671
1692,1462000,156.7636
1694,1464000,152.0659
1696,1466000,156.2021
1699,1468000,69.93
1701,1470000,148.9298
1703,1472000,150.9082
1705,1474000,140.7075
1708,1476000,77.7152
1711,1478000,-8.2337
1713,1480000,143.704
1715,1482000,158.4234
1717,1484000,142.7086
1719,1486000,143.0613
1721,1488000,153.3044
1723,1490000,153.4452
1726,1492000,67.4815
1728,1494000,152.8999
1730,1496000,152.5858
1732,1498000,151.7311
1734,1500000,157.1923
1736,1502000,172.6284
1739,1504000,58.2522
1741,1506000,45.7267
1745,1508000,21.3237
1747,1510000,158.4279
1749,1512000,77.5035
1751,1514000,113.6167
1753,1516000,158.3813
1755,1518000,162.4092
1757,1520000,169.4832
1759,1522000,165.5307
1762,1524000,46.4932
1764,1526000,157.139
1766,1528000,151.121
1768,1530000,162.9791
1770,1532000,89.0845
1772,1534000,164.7611
1774,1536000,165.0947
1776,1538000,75.4081
1780,1540000,28.6013
1782,1542000,161.2449
1784,1544000,86.2981
1787,1546000,75.9713
1789,1548000,172.1017
1792,1550000,65.0159
1796,1552000,-2.4497
1798,1554000,157.7083
1800,1556000,166.9154
1802,1558000,169.0813
1804,1560000,160.1196
1806,1562000,167.0049
1809,1564000,34.3842
1812,1566000,93.387
1814,1568000,160.1475
1816,1570000,163.7684
1819,1572000,77.7465
1821,1574000,156.7729
1824,1576000,-17.5255
1826,1578000,163.5028
1829,1580000,76.2766
1831,1582000,166.0056
1833,1584000,166.6182
1836,1586000,85.993
1839,1588000,-24.6764
1841,1590000,162.3043
1844,1592000,68.6826
1846,1594000,163.1744
1849,1596000,74.8982
1851,1598000,168.8565
1853,1600000,171.536
1855,1602000,170.4557
1857,1604000,160.7205
1859,1606000,171.4207
1861,1608000,160.9643
1863,1610000,101.5788
1865,1612000,185.4873
1867,1614000,167.0919
1869,1616000,110.1939
1872,1618000,92.8079
1874,1620000,163.3861
1876,1622000,171.5812
1878,1624000,165.2996
1880,1626000,173.5522
1883,1628000,92.8111
1885,1630000,170.0377
1889,1632000,3.9462
1891,1634000,162.4594
1893,1636000,72.3462
1895,1638000,153.012
1897,1640000,162.2228
1899,1642000,164.3277
1901,1644000,173.7688
1903,1646000,163.2437
1905,1648000,164.8647
1907,1650000,176.2484
1909,1652000,167.1171
1911,1654000,175.8707
1913,1656000,166.5994
1915,1658000,165.3804
1917,1660000,165.3371
1919,1662000,180.522
1922,1664000,79.0051
1924,1666000,171.955
1926,1668000,169.1125
1928,1670000,160.6749
1930,1672000,158.3527
1932,1674000,169.5513
1934,1676000,167.6186
1936,1678000,166.1327
1938,1680000,169.1277
1940,1682000,154.9145
1942,1684000,71.5167
1944,1686000,166.1047
1947,1688000,99.1851
1949,1690000,154.7327
1951,1692000,172.8556
1953,1694000,173.7413
1955,1696000,161.2977
1957,1698000,109.6539
1959,1700000,164.6159
1961,1702000,173.4422
1963,1704000,169.8598
1966,1706000,82.0141
1968,1708000,168.6794
1971,1710000,13.7273
1974,1712000,99.252
1976,1714000,86.633
1978,1716000,87.4827
1980,1718000,169.8885
1982,1720000,160.8517
1985,1722000,99.7633
1987,1724000,168.4313
1989,1726000,96.1745
1991,1728000,159.1918
1993,1730000,173.8801
1995,1732000,157.2344
1997,1734000,162.2947
1999,1736000,169.4721
2001,1738000,164.7923
2003,1740000,164.9689
2005,1742000,164.0998
2008,1744000,0.9961
2011,1746000,81.9404
2014,1748000,83.0572
2016,1750000,166.4919
2018,1752000,164.8947
2020,1754000,41.1274
2022,1756000,175.5422
2025,1758000,98.3039
2027,1760000,174.9347
2029,1762000,98.5095
2031,1764000,173.5157
2034,1766000,96.7794
2036,1768000,68.2009
2038,1770000,169.524
2040,1772000,166.6775
2042,1774000,173.3362
2044,1776000,172.8988
2046,1778000,177.0042
2048,1780000,175.1252
2050,1782000,156.1776
2053,1784000,107.0737
2056,1786000,82.2988
2058,1788000,51.0738
2060,1790000,175.4692
2064,1792000,59.4955
2066,1794000,193.3612
2068,1796000,173.4958
2070,1798000,168.8107
2072,1800000,161.2201
2074,1802000,172.7498
2076,1804000,171.4869
2079,1806000,29.2629
2081,1808000,177.5769
2083,1810000,176.4826
2085,1812000,168.0165
2087,1814000,177.07
2089,1816000,169.3505
2091,1818000,175.415
2093,1820000,88.3497
2096,1822000,109.659
2098,1824000,179.7371
2100,1826000,164.5677
2102,1828000,181.0084
2104,1830000,64.1547
2106,1832000,166.495
2108,1834000,180.214
2110,1836000,171.0518
2112,1838000,93.6754
2114,1840000,157.2879
2116,1842000,170.6321
2118,1844000,173.5121
2120,1846000,177.1995
2122,1848000,168.2251
2125,1850000,120.7702
2127,1852000,173.7032
2129,1854000,173.9844
2131,1856000,177.89
2133,1858000,171.3778
2135,1860000,164.3572
2137,1862000,179.465
2139,1864000,170.1526
2141,1866000,174.2356
2143,1868000,177.1326
2145,1870000,172.8139
2147,1872000,166.9703
2149,1874000,162.7854
2151,1876000,172.8959
2153,1878000,179.4624
2155,1880000,178.588
2157,1882000,169.618
2159,1884000,187.7306
2161,1886000,179.8144
2163,1888000,166.3573
2165,1890000,157.2306
2167,1892000,179.2399
2169,1894000,171.5719
2171,1896000,164.6535
2173,1898000,178.0206
2175,1900000,181.3048
2177,1902000,172.357
2179,1904000,73.7817
2181,1906000,175.128
2183,1908000,173.0363
2186,1910000,105.2156
2189,1912000,96.9751
2191,1914000,164.1511
2193,1916000,57.3213
2195,1918000,180.277
2197,1920000,114.9726
2199,1922000,174.8235
2201,1924000,174.7504
2204,1926000,102.1525
2206,1928000,175.5294
2208,1930000,166.1322
2210,1932000,169.0672
2212,1934000,178.2456
2214,1936000,175.139
2216,1938000,164.4161
2218,1940000,39.2007
2220,1942000,177.6605
2222,1944000,88.9638
2224,1946000,173.9785
2226,1948000,173.6607
2229,1950000,98.3689
2232,1952000,98.775
2234,1954000,167.4638
2236,1956000,87.2067
2238,1958000,171.9177
2240,1960000,81.8144
2243,1962000,107.7485
2245,1964000,185.3679
2248,1966000,86.5482
2250,1968000,175.8839
2252,1970000,165.3546
2254,1972000,165.6257
2256,1974000,169.3266
2258,1976000,169.385
2260,1978000,154.51
2262,1980000,174.0936
2264,1982000,74.7957
2266,1984000,172.861
2268,1986000,118.8885
2270,1988000,167.0787
2272,1990000,169.221
2274,1992000,169.8807
2276,1994000,174.0089
2278,1996000,177.4449
2280,1998000,176.6841
2282,2000000,179.219
2284,2002000,171.0225
2286,2004000,165.9815
2288,2006000,178.3285
2290,2008000,176.0693
2292,2010000,175.2119
2295,2012000,62.399
2297,2014000,88.5766
2299,2016000,172.7893
2301,2018000,76.5045
2303,2020000,178.8064
2305,2022000,178.9336
2307,2024000,173.1245
2309,2026000,115.389
2311,2028000,177.0563
2313,2030000,175.7107
2315,2032000,171.7645
2317,2034000,178.398
2319,2036000,172.1131
2321,2038000,174.6996
2324,2040000,107.7481
2326,2042000,86.4722
2328,2044000,167.7166
2330,2046000,180.998
2332,2048000,180.5671
2334,2050000,170.1788
2337,2052000,120.3192
2339,2054000,173.2595
2341,2056000,173.7204
2343,2058000,169.0683
2345,2060000,183.295
2347,2062000,171.0928
2349,2064000,176.364
2351,2066000,183.6732
2353,2068000,164.3102
2355,2070000,175.3193
2357,2072000,168.6212
2359,2074000,174.5801
2361,2076000,178.7545
2363,2078000,180.7453
2365,2080000,177.2535
2368,2082000,91.9525
2370,2084000,168.8632
2372,2086000,176.253
2374,2088000,185.1367
2376,2090000,177.3182
2378,2092000,76.3072
2380,2094000,176.7076
2383,2096000,106.1818
2385,2098000,174.1434
2387,2100000,172.0335
2389,2102000,108.7265
2391,2104000,104.0066
2393,2106000,178.2642
2396,2108000,103.1122
2398,2110000,166.4874
2400,2112000,113.42
2402,2114000,175.1222
2404,2116000,179.0397
2406,2118000,183.0864
2408,2120000,182.4972
2410,2122000,174.9337
2412,2124000,182.3646
2414,2126000,75.8241
2416,2128000,168.8957
2418,2130000,178.989
2420,2132000,177.8776
2422,2134000,171.9132
2424,2136000,179.0112
2426,2138000,172.8541
2428,2140000,170.8639
2430,2142000,188.4561
2432,2144000,179.807
2434,2146000,177.8508
2436,2148000,178.3666
2438,2150000,176.7466
2441,2152000,115.7623
2443,2154000,178.6684
2445,2156000,175.4045
2447,2158000,82.8132
2450,2160000,86.1973
2453,2162000,95.5652
2455,2164000,178.0105
2457,2166000,184.7357
2459,2168000,171.6883
2461,2170000,179.1633
2463,2172000,181.1406
2465,2174000,179.3225
2467,2176000,174.2673
2469,2178000,187.696
2471,2180000,179.3581
2473,2182000,178.6864
2475,2184000,185.6767
2477,2186000,179.5896
2479,2188000,190.593
2481,2190000,179.6272
2483,2192000,182.8682
2485,2194000,179.6357
2487,2196000,172.1917
2489,2198000,176.5838
2491,2200000,182.5006
2493,2202000,182.4955
2495,2204000,179.6145
2497,2206000,181.5524
2499,2208000,181.7027
2501,2210000,191.3224
2503,2212000,170.1958
2505,2214000,187.4723
2507,2216000,191.1559
2509,2218000,174.5253
2511,2220000,177.4396
2513,2222000,183.4291
2515,2224000,123.3202
2517,2226000,176.7918
2519,2228000,184.4363
2521,2230000,181.7633
2523,2232000,80.3819
2526,2234000,96.3601
2528,2236000,181.569
2530,2238000,84.2138
2532,2240000,185.7867
2534,2242000,97.7884
2536,2244000,183.4791
2538,2246000,171.5187
2540,2248000,177.6773
2542,2250000,179.977
2544,2252000,181.1342
2546,2254000,185.4477
2548,2256000,190.9913
2551,2258000,110.4498
2553,2260000,180.2278
2556,2262000,95.2134
2558,2264000,82.6169
2560,2266000,181.6803
2562,2268000,194.2617
2564,2270000,183.6494
2566,2272000,170.3691
2568,2274000,189.3851
2571,2276000,119.0103
2573,2278000,189.7245
2575,2280000,181.9799
2577,2282000,113.2874
2579,2284000,174.0859
2581,2286000,176.7701
2583,2288000,101.1505
2585,2290000,184.0958
2587,2292000,180.4054
2589,2294000,111.3822
2591,2296000,186.2356
2593,2298000,198.2613
2595,2300000,183.1203
2597,2302000,179.5788
2599,2304000,184.0943
2601,2306000,194.0266
2603,2308000,190.8067
2605,2310000,194.9803
2607,2312000,179.6735
2609,2314000,175.6786
2612,2316000,137.5647
2614,2318000,178.9874
2616,2320000,186.3058
2618,2322000,178.7007
2621,2324000,53.8512
2623,2326000,192.7579
2625,2328000,182.8898
2627,2330000,188.4763
2629,2332000,182.9592
2631,2334000,181.4211
2633,2336000,186.4316
2635,2338000,187.528
2637,2340000,65.7621
2639,2342000,188.2615
2641,2344000,180.6937
2643,2346000,181.8892
2645,2348000,177.1758
2647,2350000,189.715
2651,2352000,63.3161
2653,2354000,64.3103
2655,2356000,179.3217
2657,2358000,188.8752
2659,2360000,170.7124
2661,2362000,175.8493
2663,2364000,174.2139
2665,2366000,179.8693
2667,2368000,181.6707
2669,2370000,192.2803
2672,2372000,126.9607
2674,2374000,187.5732
2676,2376000,181.6071
2678,2378000,57.8034
2680,2380000,181.8458
2682,2382000,189.5029
2684,2384000,187.9187
2686,2386000,183.4651
2688,2388000,195.6934
2690,2390000,186.5811
2693,2392000,128.7
2695,2394000,188.7315
2697,2396000,186.9951
2699,2398000,186.2776
2701,2400000,186.608
2703,2402000,184.0357
2705,2404000,177.1632
2707,2406000,184.6728
2710,2408000,110.0102
2712,2410000,61.5111
2714,2412000,186.2667
2716,2414000,117.566
2718,2416000,186.9422
2721,2418000,135.3923
2723,2420000,189.3692
2725,2422000,194.0282
2727,2424000,188.096
2729,2426000,59.8271
2731,2428000,115.994
2734,2430000,119.8762
2736,2432000,105.772
2738,2434000,186.948
2740,2436000,193.6274
2742,2438000,184.7419
2744,2440000,185.1537
2746,2442000,178.0423
2748,2444000,186.3813
2751,2446000,101.6689
2753,2448000,188.4793
2755,2450000,90.8409
2757,2452000,194.0255
2759,2454000,110.8223
2761,2456000,191.2774
2764,2458000,119.6327
2766,2460000,195.896
2768,2462000,184.9453
2770,2464000,184.0459
2772,2466000,176.1404
2775,2468000,47.342
2777,2470000,172.8784
2779,2472000,180.8103
2781,2474000,182.9977
2783,2476000,97.9853
2785,2478000,104.9339
2787,2480000,183.3187
2789,2482000,191.9379
2791,2484000,191.4139
2793,2486000,180.6765
2795,2488000,187.8269
2797,2490000,185.8481
2799,2492000,182.1404
2801,2494000,173.9935
2803,2496000,183.1834
2805,2498000,181.5576
2807,2500000,189.1059
2809,2502000,189.9247
2811,2504000,192.245
2813,2506000,129.409
2815,2508000,194.2038
2817,2510000,126.7078
2819,2512000,183.6079
2821,2514000,185.7741
2823,2516000,188.8409
2825,2518000,192.2355
2828,2520000,132.7851
2830,2522000,183.2089
2832,2524000,98.9139
2834,2526000,191.6403
2836,2528000,194.61
2839,2530000,95.8841
2841,2532000,196.2894
2843,2534000,189.5146
2845,2536000,183.6842
2847,2538000,193.4796
2849,2540000,188.9781
2851,2542000,188.5943
2853,2544000,184.0789
2855,2546000,190.5413
2857,2548000,190.6598
2859,2550000,192.9963
2861,2552000,186.8544
2863,2554000,169.571
2865,2556000,168.9706
2867,2558000,196.5105
2869,2560000,186.4686
2871,2562000,202.9671
2873,2564000,187.266
2876,2566000,101.3586
2878,2568000,180.4632
2880,2570000,195.5514
2882,2572000,199.2843
2884,2574000,189.138
2886,2576000,189.0226
2888,2578000,186.7033
2890,2580000,197.8753
2892,2582000,64.0631
2896,2584000,24.8788
2898,2586000,110.893
2900,2588000,195.1317
2903,2590000,106.2051
2905,2592000,195.6353
2907,2594000,61.3568
2910,2596000,115.6144
2913,2598000,58.2238
2915,2600000,115.2261
2917,2602000,199.1235
2920,2604000,40.6799
2922,2606000,193.1881
2924,2608000,189.9153
2926,2610000,128.6985
2929,2612000,120.052
2931,2614000,184.6864
2934,2616000,41.6601
2936,2618000,186.2102
2938,2620000,177.7363
2940,2622000,192.5244
2942,2624000,189.6521
2944,2626000,191.6273
2946,2628000,194.1262
2949,2630000,101.0826
2951,2632000,58.9496
2953,2634000,193.4378
2955,2636000,195.5669
2957,2638000,131.2687
2961,2640000,61.8099
2963,2642000,86.1478
2966,2644000,98.403
2968,2646000,185.3253
2970,2648000,195.1629
2973,2650000,-4.6179
2975,2652000,194.2034
2977,2654000,78.0585
2980,2656000,121.396
2982,2658000,123.7081
2984,2660000,196.033
2986,2662000,187.2436
2988,2664000,183.3149
2991,2666000,117.0442
2993,2668000,181.8843
2996,2670000,22.1889
2998,2672000,199.9034
3000,2674000,185.4091
3003,2676000,68.4951
3005,2678000,189.9377
3007,2680000,194.5659
3009,2682000,184.7222
3011,2684000,190.6045
3013,2686000,190.0653
3015,2688000,81.7018
3018,2690000,140.4767
3020,2692000,126.1993
3022,2694000,198.3751
3024,2696000,192.9095
3027,2698000,19.0338
3030,2700000,115.4894
3032,2702000,41.6382
3034,2704000,188.3229
3036,2706000,133.1997
3039,2708000,138.2988
3041,2710000,-9.8919
3043,2712000,193.3278
3046,2714000,100.9646
3048,2716000,179.8581
3051,2718000,122.9621
3053,2720000,186.9046
3056,2722000,68.8976
3058,2724000,-15.8791
3061,2726000,124.3694
3063,2728000,75.8203
3065,2730000,188.2063
3068,2732000,124.1248
3070,2734000,188.4973
3072,2736000,196.6523
3074,2738000,195.9562
3076,2740000,107.2645
3078,2742000,194.2946
3081,2744000,69.9729
3083,2746000,191.9668
3085,2748000,13.669
3087,2750000,197.899
3089,2752000,187.0437
3092,2754000,140.642
3094,2756000,101.7615
3096,2758000,178.3517
3098,2760000,194.7879
3100,2762000,190.9575
3103,2764000,50.7289
3105,2766000,196.2261
3107,2768000,198.4848
3109,2770000,199.6564
3111,2772000,64.1493
3113,2774000,194.9198
3115,2776000,198.0479
3118,2778000,114.7038
3120,2780000,98.3422
3122,2782000,189.1292
3124,2784000,182.7413
3126,2786000,182.8762
3129,2788000,87.7126
3131,2790000,188.5595
3133,2792000,186.9455
3135,2794000,185.4782
3137,2796000,189.4579
3139,2798000,181.3535
3141,2800000,122.778
3143,2802000,186.0777
3145,2804000,107.6716
3147,2806000,107.8855
3150,2808000,113.8474
3153,2810000,62.8657
3155,2812000,187.537
3157,2814000,134.6267
3159,2816000,8.4344
3161,2818000,190.9901
3163,2820000,113.2344
3166,2822000,139.3329
3168,2824000,174.2944
3170,2826000,108.5704
3172,2828000,181.5767
3174,2830000,178.2314
3176,2832000,192.1701
3178,2834000,191.2161
3180,2836000,193.9809
3182,2838000,89.6678
3184,2840000,126.1698
3187,2842000,118.9309
3189,2844000,186.2786
3191,2846000,182.9797
3193,2848000,122.4484
3195,2850000,193.825
3197,2852000,191.9499
3199,2854000,183.7859
3201,2856000,54.2711
3203,2858000,116.2782
3205,2860000,190.2972
3207,2862000,196.5948
3209,2864000,189.2647
3211,2866000,189.6345
3214,2868000,107.8409
3216,2870000,183.5785
3218,2872000,91.3031
3221,2874000,68.723
3223,2876000,185.1682
3225,2878000,192.6083
3227,2880000,185.9024
3229,2882000,186.2402
3231,2884000,120.2533
3234,2886000,100.5748
3236,2888000,93.7228
3238,2890000,183.2651
3241,2892000,86.7828
3243,2894000,98.7616
3246,2896000,67.2998
3248,2898000,120.0927
3250,2900000,190.3208
3254,2902000,16.1207
3256,2904000,103.9329
3258,2906000,193.4369
3261,2908000,97.2648
3263,2910000,187.8475
3265,2912000,116.6576
3267,2914000,92.9969
3269,2916000,192.9811
3273,2918000,21.9608
3275,2920000,108.4005
3277,2922000,185.7561
3279,2924000,184.1556
3283,2926000,-21.6703
3285,2928000,191.3113
3288,2930000,96.8749
3291,2932000,15.0906
3294,2934000,28.4145
3297,2936000,100.4544
3299,2938000,84.9755
3302,2940000,102.9592
3304,2942000,187.7833
3306,2944000,186.4538
3311,2946000,-8.205
3313,2948000,111.7895
3317,2950000,9.7348
3319,2952000,5.2865
3322,2954000,54.017
3324,2956000,186.4612
3327,2958000,105.0454
3330,2960000,39.6312
3332,2962000,125.6053
3334,2964000,185.5219
3336,2966000,129.4351
3338,2968000,187.7731
3340,2970000,193.4241
3343,2972000,47.5406
3345,2974000,185.8081
3347,2976000,118.1899
3349,2978000,176.9731
3351,2980000,192.7965
3353,2982000,135.7563
3355,2984000,193.7306
3358,2986000,126.3474
3361,2988000,20.662
3363,2990000,197.1252
3365,2992000,108.2252
3367,2994000,117.5098
3369,2996000,130.0011
3372,2998000,120.4382
3374,3000000,108.282
